Pulled,Slug,Venue,Location,PdfUrl,PdfFile,Meta,Sha,Bytes,Pages,PriceCount,Prices,LastChanged
2026-09-30,disney-adventure-world/bistrot-chez-remy,Bistrot Chez Rémy,Disney Adventure World,https://media.disneylandparis.com/d4th/en-gb/images/P2TR02_bistrot-chez-remy.pdf,P2TR02_bistrot-chez-remy.pdf,9316a46ca8f30f9f686045c1edc063f2,59d301978a9391d3,546225,1,29,5 5 6 6 6 6 6 6 6 6 7 20 20 25 25 30 30 34 34 34 38 43 43 45 45 45 45 55 55,2026-09-05
2026-09-30,disney-adventure-world/cafe-luminosity,Café Luminosity,Disney Adventure World,https://media.disneylandparis.com/d4th/en-gb/images/P2DR03_cafe-luminosity.pdf,P2DR03_cafe-luminosity.pdf,7735f8b69b334fe72a260825a7188a0d,78ecd86b582f4007,995297,1,11,4 4 4 4 4 5 7 8 25 50 50,2026-09-24
2026-09-30,disney-adventure-world/chez-berlioz,Chez Berlioz,Disney Adventure World,https://media.disneylandparis.com/d4th/en-gb/images/P2DR05_chez-berlioz.pdf,P2DR05_chez-berlioz.pdf,7af467327a642a7ebc790517da01cfd6,209ccc665808cf9c,901936,1,8,4 4 4 4 4 10 50 50,2026-09-24
2026-09-30,disney-adventure-world/chez-marie,Chez Marie,Disney Adventure World,https://media.disneylandparis.com/d4th/en-gb/images/P2DR06_chez-marie.pdf,P2DR06_chez-marie.pdf,b231d01e9efa30a7d3d3b44013a5764b,b1a044c266223df8,706137,1,11,4 4 6 6 6 15 15 17 17 50 50,2026-09-05
2026-09-30,disney-adventure-world/chez-toulouse,Chez Toulouse,Disney Adventure World,https://media.disneylandparis.com/d4th/en-gb/images/P2DR04_chez-toulouse.pdf,P2DR04_chez-toulouse.pdf,d0b50699a01084d185bb2c0919a92056,03b50d7259c1a35c,745536,1,6,4 4 4 4 50 50,2026-09-24
2026-09-30,disney-adventure-world/fan-tastic,FAN,Disney Adventure World,https://media.disneylandparis.com/d4th/en-gb/images/P2PR05_fan-tastic-food-truck.pdf,P2PR05_fan-tastic-food-truck.pdf,c06214b664f7db7443c22c82a24c9487,c7688479bb5d2cfa,1340679,1,7,4 4 5 8 50 50 444,2026-09-05
2026-09-30,disney-adventure-world/ice-cream-creations,Ice Cream Creations,Disney Adventure World,https://media.disneylandparis.com/d4th/en-gb/images/P2TR00_ice-cream-creations.pdf,P2TR00_ice-cream-creations.pdf,4ff352dca774854f13b77f40a6a58e8e,c95f27c683bb7860,1188451,1,7,6 6 6 6 9 50 50,2026-09-05
2026-09-30,disney-adventure-world/la-terrasse-panoramique,La Terrasse Panoramique,Disney Adventure World,https://media.disneylandparis.com/d4th/en-gb/images/P2DR02_la-terrasse-panoramique.pdf,P2DR02_la-terrasse-panoramique.pdf,1ad347fae71270718c0536f9b9bdc998,768060f7796e90ad,952274,1,12,4 4 4 4 4 5 6 9 14 14 50 50,2026-09-24
2026-09-30,disney-adventure-world/laugh-n-go,Laugh’N' Go!,Disney Adventure World,https://media.disneylandparis.com/d4th/en-gb/images/P2VK00_laugh-n-go.pdf,P2VK00_laugh-n-go.pdf,1d91af45e9ba13a144930ded3ad5397d,1085bb049a1e4ade,2253760,1,5,4 5 9 50 50,2026-09-05
2026-09-30,disney-adventure-world/nordic-crowns-tavern,Nordic Crowns Tavern,Disney Adventure World,https://media.disneylandparis.com/d4th/en-gb/images/P2ER00_nordic-crowns-tavern.pdf,P2ER00_nordic-crowns-tavern.pdf,77e8a0235784a5fb8d2c04b6bac02ed0,6bcfbc04b25bbeb9,794425,1,6,7 14 15 22 22 24,2026-09-05
2026-09-30,disney-adventure-world/pym-kitchen,PYM Kitchen,Disney Adventure World,https://media.disneylandparis.com/d4th/en-gb/images/P2AR02_pym.pdf,P2AR02_pym.pdf,9232fb5e7a44f877ea32b34faed1b373,d76dd3ed79b93e2b,2068428,1,6,5 9 25 25 45 45,2026-09-05
2026-09-30,disney-adventure-world/searchlight,Searchlight,Disney Adventure World,https://media.disneylandparis.com/d4th/en-gb/images/P2FR02_searchlight.pdf,P2FR02_searchlight.pdf,94f7d80968769b2554ea686b0414374e,d68d1b9e1ed41129,817247,1,3,4 4 8,2026-09-05
2026-09-30,disney-adventure-world/stark-factory,Stark Factory,Disney Adventure World,https://media.disneylandparis.com/d4th/en-gb/images/P2AR01_stark-factory.pdf,P2AR01_stark-factory.pdf,621bcc12f953ea4e84151d60eff022d1,a13596910d38f76b,1343684,2,12,3 4 4 4 5 5 5 7 13 13 13 14,2026-09-24
2026-09-30,disney-adventure-world/super-diner,Super Diner,Disney Adventure World,https://media.disneylandparis.com/d4th/en-gb/images/P2AR03_super-diner.pdf,P2AR03_super-diner.pdf,a17c6dc74b6233a73e1a98f9e23d6f83,e282f509489048e3,1096758,2,8,5 5 5 5 5 7 11 11,2026-09-24
2026-09-30,disney-adventure-world/the-hollywood-gardens-restaurant,The Hollywood Gardens Restaurant,Disney Adventure World,https://media.disneylandparis.com/d4th/en-gb/images/P2FR00_the-hollywood-gardens-restaurant.pdf,P2FR00_the-hollywood-gardens-restaurant.pdf,b7e66a68740b11324c39066b276fdfad,10ae6d341b109bed,532875,2,10,7 15 17 18 19 19 19 20 20 22,2026-09-24
2026-09-30,disney-adventure-world/the-regal-view-lounge,The Regal View Lounge,Disney Adventure World,https://media.disneylandparis.com/d4th/en-gb/images/P2DR01_the-regal-view-lounge.pdf,P2DR01_the-regal-view-lounge.pdf,1f41c6cdcf07bbeb780875881e9ca96b,99cb8a53af39c0da,2704086,10,0,,2026-09-05
2026-09-30,disney-adventure-world/the-regal-view-restaurant-and-lounge,The Regal View Restaurant & Lounge,Disney Adventure World,https://media.disneylandparis.com/d4th/en-gb/images/P2DR00_the-regal-view-restaurant-and-lounge.pdf,P2DR00_the-regal-view-restaurant-and-lounge.pdf,0e65f07be335afaf27c41b10742b64fe,d57f653db618a3f6,7194523,23,18,5 25 25 25 25 40 40 45 45 48 48 50 60 60 100 100 100 100,2026-09-05
2026-09-30,disney-adventure-world/web-food-truck,WEB Food Truck,Disney Adventure World,https://media.disneylandparis.com/d4th/en-gb/images/P2BR02_web-truck.pdf,P2BR02_web-truck.pdf,7d2516b6da04fadf967716921e7f382d,9680ae2122c16726,1399101,1,11,4 4 4 5 5 6 7 8 11 50 50,2026-09-05
2026-09-30,disney-village/billy-bobs-buffet,Billy Bob’s Buffet,Disney Village,https://media.disneylandparis.com/d4th/en-gb/images/D01R19_billy-bobs-buffet.pdf,D01R19_billy-bobs-buffet.pdf,3bacca90ed11384a75b0315b0d9683f1,3a0e13cc008f28b8,628987,1,2,22 40,2026-09-05
2026-09-30,disney-village/billy-bobs-country-western-saloon,Billy Bob's Country Western Saloon,Disney Village,https://media.disneylandparis.com/d4th/en-gb/images/D01R01_billy-bobs-country-western-saloon.pdf,D01R01_billy-bobs-country-western-saloon.pdf,1628deceb2433939c1a11f3d2e833fb2,7212db3d5cfb3f09,2270915,7,38,4 4 4 4 5 5 5 5 5 5 5 5 6 6 6 6 6 6 7 7 7 7 7 7 9 9 9 10 10 10 10 11 11 12 14 30 77 77,2026-09-05
2026-09-30,disney-village/brasserie-rosalie,Brasserie Rosalie,Disney Village,,,,,,,,,
2026-09-30,disney-village/comptoir-rosalie,Comptoir Rosalie,Disney Village,,,,,,,,,
2026-09-30,disney-village/earl-of-sandwich,Earl of Sandwich,Disney Village,https://media.disneylandparis.com/d4th/en-gb/images/D01R13_earl-of-sandwich.pdf,D01R13_earl-of-sandwich.pdf,cbb0dc0807c670b620dea565bfb776bf,0f74582041098329,931777,3,0,,2026-09-05
2026-09-30,disney-village/five-guys,Five Guys,Disney Village,https://media.disneylandparis.com/d4th/en-gb/images/D01R16_five-guys.pdf,D01R16_five-guys.pdf,913e899483a687f223cc769a6237beb4,df4eded2c96070bc,155828,1,0,,2026-09-05
2026-09-30,disney-village/la-grange-at-billy-bobs-country-western-saloon,La Grange [at Billy Bob's Country Western Saloon],Disney Village,https://media.disneylandparis.com/d4th/en-gb/images/D01R02_la-grange-at-billy-bobs-country-western-saloon.pdf,D01R02_la-grange-at-billy-bobs-country-western-saloon.pdf,2953608e8c9a99905d090bd4c382e07f,ed76ebb708cd4ced,1953208,1,2,22 40,2026-09-05
2026-09-30,disney-village/mcdonalds,McDonald's,Disney Village,,,,,,,,,
2026-09-30,disney-village/petite-rosalie,Petite Rosalie,Disney Village,https://media.disneylandparis.com/d4th/en-gb/images/petiteRosalie_petite-rosalie.pdf,petiteRosalie_petite-rosalie.pdf,4556566da602752cf70ddb68e25b8138,3498bed2477edb9c,206588,2,0,,2026-09-05
2026-09-30,disney-village/rainforest-cafe,Rainforest Cafe,Disney Village,https://media.disneylandparis.com/d4th/en-gb/images/D01R11_rainforest-cafe.pdf,D01R11_rainforest-cafe.pdf,91c31d35cfe153efb4c254d54798f9bf,2375d5bf0ff41c64,1048997,4,180,1 1 3 3 4 4 4 4 5 5 5 5 5 5 5 5 5 5 5 5 6 6 6 6 6 6 7 7 7 7 8 8 8 8 8 8 8 8 8 8 8 8 8 8 8 8 8 8 8 8 9 9 9 9 9 9 9 9 10 10 10 10 10 10 10 10 10 10 10 10 11 11 11 11 11 11 12 12 12 12 12 12 12 12 13 13 13 13 13 13 13 13 13 13 13 13 13 13 13 13 13 13 13 13 13 13 13 13 13 13 14 14 16 16 21 21 21 21 21 21 22 22 22 22 24 24 25 25 25 25 25 25 25 25 26 26 26 26 26 26 27 27 27 27 29 29 29 29 30 30 30 30 32 32 32 32 32 32 32 32 32 32 33 33 34 34 34 34 34 34 38 38 40 40 40 40 42 42 65 65,2026-09-05
2026-09-30,disney-village/sports-bar,Sports Bar & Lounge,Disney Village,https://media.disneylandparis.com/d4th/en-gb/images/D01R06_sports-bar.pdf,D01R06_sports-bar.pdf,2c4d0f9317330b7be187c5f0f3087be4,d305a6e6ae3a8195,1035350,14,66,4 4 4 4 5 5 5 5 5 5 5 5 5 6 6 6 6 6 6 7 7 7 9 9 9 9 9 9 9 10 11 11 14 15 15 16 16 16 17 18 19 19 19 19 20 22 25 26 26 27 28 30 30 30 33 33 33 37 37 38 38 38 45 45 49 77,2026-09-05
2026-09-30,disney-village/starbucks-coffee,Starbucks Coffee,Disney Village,https://media.disneylandparis.com/d4th/en-gb/images/D01R12_starbucks-coffee.pdf,D01R12_starbucks-coffee.pdf,fe216a7f34d3868cf3f24a980ed060b0,bb54ae4cb95c01ec,401236,2,98,0.85 2.45 2.45 3.25 3.25 3.25 3.25 3.45 3.45 3.65 3.65 3.75 3.95 3.95 3.95 3.95 3.95 3.95 3.95 3.95 3.95 3.95 3.95 4.1 4.1 4.45 4.75 4.85 4.85 4.85 4.95 4.95 5.25 5.25 5.25 5.25 5.35 5.45 5.45 5.45 5.45 5.45 5.75 5.75 5.75 5.75 5.75 5.75 5.75 5.75 5.75 5.85 5.85 5.95 5.95 5.95 5.95 5.95 6.15 6.15 6.15 6.15 6.45 6.45 6.45 6.45 6.45 6.45 6.45 6.65 6.65 6.65 6.65 6.65 6.65 6.65 6.65 6.65 6.75 6.75 6.75 6.75 6.85 6.85 6.85 7.25 7.25 7.25 7.25 7.25 7.25 7.25 7.25 7.25 7.45 7.45 7.45 9.95,2026-09-05
2026-09-30,disney-village/steakhouse,The Steakhouse,Disney Village,https://media.disneylandparis.com/d4th/en-gb/images/D01R08_steakhouse.pdf,D01R08_steakhouse.pdf,979748d4592c15d47fbf68ca87f36df3,3fec7521ac833901,14502952,2,92,8 8 8 8 12 12 12 12 12 12 12 12 13 13 14 14 15 15 15 15 15 15 15 15 15 15 16 16 17 17 18 18 18 18 18 18 18 18 25 25 25 28 28 28 28 28 28 28 28 30 30 30 30 32 32 32 32 32 32 32 32 32 32 33 33 34 34 36 36 38 38 38 38 42 42 43 43 44 44 45 49 49 50 50 69 69 72 72 100 100 115 115,2026-09-05
2026-09-30,disney-village/the-royal-pub,The Royal Pub,Disney Village,,,,,,,,,
2026-09-30,disney-village/vapiano,Vapiano,Disney Village,https://media.disneylandparis.com/d4th/en-gb/images/vapiano_vapiano.pdf,vapiano_vapiano.pdf,db5b95335ab5acf550b597a827cae3e9,3f742c00d165dd5b,685929,2,0,,2026-09-05
2026-09-30,disneyland-hotel/fleur-de-lys-bar,Fleur de Lys Bar,Disneyland Hotel,https://media.disneylandparis.com/d4th/en-gb/images/H01R00_fleur-de-lys-bar.pdf,H01R00_fleur-de-lys-bar.pdf,6a0e54efce341351ae9fd6af4ba40634,d60c69804812eb89,491398,20,235,6 7 7 7 7 7 8 8 8 8 8 8 8 8 9 9 9 9 9 9 9 9 9 9 9 9 10 10 10 10 11 11 11 11 11 11 11 11 11 11 11 11 11 12 12 12 12 12 13 13 13 13 13 13 13 13 13 14 14 14 14 14 14 14 14 14 15 15 15 15 15 15 15 15 15 15 16 16 16 16 16 16 16 16 16 16 16 16 16 16 16 16 16 16 16 17 17 18 18 18 18 18 18 18 18 18 18 18 18 18 18 18 18 18 18 18 18 18 18 18 18 18 18 18 18 18 18 18 18 18 18 19 20 20 20 20 20 20 20 20 20 20 20 20 20 20 20 20 20 21 21 21 21 21 21 21 21 21 21 21 21 21 22 22 22 22 23 24 24 24 24 25 25 25 25 25 25 25 25 25 25 26 26 26 28 28 28 30 30 30 30 30 30 30 30 30 35 36 45 45 48 49 55 59 59 60 68 68 68 77 77 86 92 92 100 102 110 110 110 129 129 129 150 150 160 200 220 250 300 300 340 360 400 450 500,2026-09-05
2026-09-30,disneyland-hotel/la-foret-secrete-par-jean-imbert,La Forêt Secrète par Jean Imbert,Disneyland Hotel,https://media.disneylandparis.com/d4th/system/images/La_foret_secrete_Menu_Decouverte.pdf,La_foret_secrete_Menu_Decouverte.pdf,3f0f0c4941e4b5099fa91c1a3263cab9,0e39978c2fb3b200,29174,2,4,40 40 140 140,2026-09-05
2026-09-30,disneyland-hotel/la-foret-secrete-par-jean-imbert,La Forêt Secrète par Jean Imbert,Disneyland Hotel,https://media.disneylandparis.com/d4th/system/images/La_foret_secrete_Menu_Degustation.pdf,La_foret_secrete_Menu_Degustation.pdf,94a2334a81945f3971504dc7fe76a828,936be215b6f398cb,33484,4,16,60 60 60 60 110 110 110 110 120 120 120 120 200 200 200 200,2026-09-05
2026-09-30,disneyland-hotel/la-foret-secrete-par-jean-imbert,La Forêt Secrète par Jean Imbert,Disneyland Hotel,https://media.disneylandparis.com/d4th/system/images/La_foret_secrete_Menu_Enfant.pdf,La_foret_secrete_Menu_Enfant.pdf,309d47ba6b2aeb941319ad46523d6aed,abce6779cea1ec50,145116,2,2,70 70,2026-09-05
2026-09-30,disneyland-hotel/la-foret-secrete-par-jean-imbert-faq,La Forêt Secrète par Jean Imbert,Disneyland Hotel,,,,,,,,,
2026-09-30,disneyland-hotel/la-table-de-lumiere,La Table de Lumière,Disneyland Hotel,https://media.disneylandparis.com/d4th/en-gb/images/H01R01_la-table-de-lumiere.pdf,H01R01_la-table-de-lumiere.pdf,30125b63645def406f3b4be730ea1c0e,a5baca4bd012e5a5,698764,1,23,8 9 9 9 9 9 12 13 13 25 25 42 45 45 45 50 60 60 67 67 68 77 120,2026-09-05
2026-09-30,disneyland-hotel/royal-banquet,Royal Banquet,Disneyland Hotel,https://media.disneylandparis.com/d4th/en-gb/images/H01R02_royal-banquet.pdf,H01R02_royal-banquet.pdf,d6cd8cf6a6056cf68381480374c51cb0,fa4a95b9df0d0ed8,243034,1,33,8 9 9 9 9 9 9 9 10 10 12 13 13 13 13 15 15 17 19 25 36 45 45 45 45 50 59 59 68 68 77 82 100,2026-09-05
2026-09-30,disneyland-park/agrabah-cafe,Agrabah Café Restaurant,Disneyland Park,https://media.disneylandparis.com/d4th/en-gb/images/P1AR06_agrabah-cafe.pdf,P1AR06_agrabah-cafe.pdf,126cb7de56596e041b7b46a2749bc42d,f377b8eacdee2514,469342,1,14,4 4 5 5 5 6 8 18 25 25 32 32 45 45,2026-09-05
2026-09-30,disneyland-park/au-chalet-de-la-marionnette,Au Chalet de la Marionnette,Disneyland Park,https://media.disneylandparis.com/d4th/en-gb/images/P1NR02_au-chalet-de-la-marionnette.pdf,P1NR02_au-chalet-de-la-marionnette.pdf,5169798abc0e4493c0dcda1da592236a,95e66f5e6fb6d85a,3444168,2,27,3 4 4 4 4 4 4 5 5 5 6 6 7 7 12 12 12 12 15 15 15 15 15 17 17 20 22,2026-09-24
2026-09-30,disneyland-park/auberge-de-cendrillon,Auberge de Cendrillon,Disneyland Park,https://media.disneylandparis.com/d4th/en-gb/images/P1NR01_auberge-de-cendrillon.pdf,P1NR01_auberge-de-cendrillon.pdf,b60c4afd563f2c6eadf74d78dd333af4,47fde6e52af9aafd,542904,1,19,5 5 6 6 6 6 6 6 6 24 24 27 38 38 43 50 65 100 120,2026-09-05
2026-09-30,disneyland-park/cable-car-bake-shop,Cable Car Bake Shop,Disneyland Park,https://media.disneylandparis.com/d4th/en-gb/images/P1MR00_cable-car-bake-shop.pdf,P1MR00_cable-car-bake-shop.pdf,f23ab5d5ce12074cf308b4b356a4a134,0405656a722ad263,33670209,1,4,6 7 8 15,2026-09-24
2026-09-30,disneyland-park/cafe-de-la-brousse,Café de la Brousse,Disneyland Park,https://media.disneylandparis.com/d4th/en-gb/images/P1AR01_cafe-de-la-brousse.pdf,P1AR01_cafe-de-la-brousse.pdf,7ba93b03e098c6487f77441e0684410f,070d0bc56b25866f,2023485,1,5,6 8 8 13 26,2026-09-24
2026-09-30,disneyland-park/cafe-hyperion,Café Hyperion,Disneyland Park,https://media.disneylandparis.com/d4th/en-gb/images/P1DR01_cafe-hyperion.pdf,P1DR01_cafe-hyperion.pdf,ada0163a1fab43b8c8037ec2ec551261,7aec12aeb67481d2,191534772,2,29,3 4 4 4 4 4 4 5 5 6 7 7 7 7 11 11 12 12 12 12 15 15 15 15 15 17 17 20 22,2026-09-24
2026-09-30,disneyland-park/captain-jacks-restaurant-pirates,Captain Jack's,Disneyland Park,https://media.disneylandparis.com/d4th/en-gb/images/P1AR00_captain-jacks-restaurant-pirates.pdf,P1AR00_captain-jacks-restaurant-pirates.pdf,ff1d05814072be6a70abdb48f427ca5d,978081109b453788,252378,2,73,5 5 5 5 6 6 6 6 6 6 6 6 6 6 15 15 15 15 16 16 16 16 16 16 16 16 17 17 17 17 18 18 18 18 18 18 18 19 19 19 19 25 25 30 30 30 30 34 34 34 34 34 34 34 34 36 36 38 38 38 38 38 38 41 41 42 42 45 45 47 47 55 55,2026-09-05
2026-09-30,disneyland-park/casa-de-coco-restaurante-de-familia,Casa de Coco,Disneyland Park,https://media.disneylandparis.com/d4th/en-gb/images/P1RR01_casa-de-coco.pdf,P1RR01_casa-de-coco.pdf,84356de1de9cca6cbe2f7a59ac6e6e04,11950e8bfd8f6aa5,1020140,2,24,4 4 4 5 5 6 6 6 7 7 9 10 12 12 12 12 15 15 15 15 16 17 17 18,2026-09-24
2026-09-30,disneyland-park/caseys-corner,Casey's Corner,Disneyland Park,https://media.disneylandparis.com/d4th/en-gb/images/P1MR01_caseys-corner.pdf,P1MR01_caseys-corner.pdf,dc35c825567fb250ac0b1ee355ff850f,e79da718fff0b163,503121,2,6,4 4 4 5 7 12,2026-09-24
2026-09-30,disneyland-park/colonel-hathis-pizza-outpost,Colonel Hathi’s Pizza Outpost,Disneyland Park,https://media.disneylandparis.com/d4th/en-gb/images/P1AR03_colonel-hathis-pizza-outpost.pdf,P1AR03_colonel-hathis-pizza-outpost.pdf,b6d57d5047023595ff0cce32a41d749d,1de61c32e16a3ab6,65831795,1,23,3 4 4 4 4 4 5 6 6 6 7 7 10 12 12 15 15 15 15 17 17 17 18,2026-09-05
2026-09-30,disneyland-park/cookie-kitchen,Cookie Kitchen on Main Street,Disneyland Park,https://media.disneylandparis.com/d4th/en-gb/images/P1MR03_cookie-kitchen.pdf,P1MR03_cookie-kitchen.pdf,bb65db7628c93cd62b9e5ea4378097e7,09139073244344b6,500332,1,2,4 4,2026-09-24
2026-09-30,disneyland-park/cool-post,Coolpost,Disneyland Park,https://media.disneylandparis.com/d4th/en-gb/images/P1AR05_cool-post.pdf,P1AR05_cool-post.pdf,89f861172ec156c8f64b2704df274da4,10d2b400ea89d1b5,4764983,1,9,4 4 4 6 8 26 50 50 50,2026-09-24
2026-09-30,disneyland-park/cool-station,Cool Station,Disneyland Park,https://media.disneylandparis.com/d4th/en-gb/images/P1DR02_cool-station.pdf,P1DR02_cool-station.pdf,3aada09ce9637dc3ebe08a6b4716cd53,5a7ebd9fe11dcf18,2910066,2,16,1 4 4 4 6 7 8 15 16 17 18 20 20 22 50 50,2026-09-05
2026-09-30,disneyland-park/cowboy-cookout-barbecue,Cowboy Cookout Barbecue,Disneyland Park,https://media.disneylandparis.com/d4th/en-gb/images/P1RR00_cowboy-cookout-barbecue.pdf,P1RR00_cowboy-cookout-barbecue.pdf,e4aeec3c0d250a8402f1d94bf08caa56,a64e985ff0954166,547165,2,27,3 4 4 4 4 5 6 7 7 7 12 12 12 12 12 13 13 15 15 15 15 15 17 17 18 20 22,2026-09-24
2026-09-30,disneyland-park/critter-corral,Critter Corral,Disneyland Park,https://media.disneylandparis.com/d4th/en-gb/images/P1RR05_critter-corral.pdf,P1RR05_critter-corral.pdf,0354546b76b1fef477c6832e95717a48,9b3df9d3c1781fbd,2403721,1,13,4 4 6 6 8 12 15 15 15 17 17 50 50,2026-09-05
2026-09-30,disneyland-park/gibson-girl-ice-cream-parlour,The Gibson Girl Ice Cream Parlour,Disneyland Park,https://media.disneylandparis.com/d4th/en-gb/images/P1MR04_gibson-girl-ice-cream-parlour.pdf,P1MR04_gibson-girl-ice-cream-parlour.pdf,7215822e7c7749bef0cd6372ea2a1428,5f984a32e75ff014,624737,1,11,4 4 6 7 7 9 15 15 17 17 20,2026-09-24
2026-09-30,disneyland-park/ice-cream-company,The Ice Cream Company,Disneyland Park,https://media.disneylandparis.com/d4th/en-gb/images/P1MR05_ice-cream-company.pdf,P1MR05_ice-cream-company.pdf,7e39d8040cc44777ff868c83b22ac93f,215a7d055b4ba16f,324918,1,6,5 5 5 5 7 7,2026-09-24
2026-09-30,disneyland-park/l-arbre-enchante,L'Arbre Enchanté,Disneyland Park,https://media.disneylandparis.com/d4th/en-gb/images/P1NR00_l-arbre-enchante.pdf,P1NR00_l-arbre-enchante.pdf,3c609088d3f24621f3d752ffe7686dd2,4781869715809be8,1811991,1,4,8 12 50 50,2026-09-24
2026-09-30,disneyland-park/last-chance-cafe,Last Chance Cafe,Disneyland Park,https://media.disneylandparis.com/d4th/en-gb/images/P1RR02_last-chance-cafe.pdf,P1RR02_last-chance-cafe.pdf,986eaf826c975bea4f0a92ea7f5c862c,7edc707973cd5f94,938926,2,16,4 4 4 4 5 5 6 7 8 12 12 15 15 15 17 17,2026-09-24
2026-09-30,disneyland-park/lucky-nugget-saloon,The Lucky Nugget Saloon,Disneyland Park,https://media.disneylandparis.com/d4th/en-gb/images/P1RR03_lucky-nugget-saloon.pdf,P1RR03_lucky-nugget-saloon.pdf,f10793d1184126c9a1714dc8ed5e3624,d6292b3ab915b0aa,1257392,2,4,5 12 16 30,2026-09-26
2026-09-30,disneyland-park/march-hare-refreshments,March Hare Refreshments,Disneyland Park,https://media.disneylandparis.com/d4th/en-gb/images/P1NR04_march-hare-refreshments.pdf,P1NR04_march-hare-refreshments.pdf,7e332a649099d1e3a143516b35f79018,ca0dba5a2e526008,901435,2,11,4 7 7 7 7 7 10 50 50 50 50,2026-09-24
2026-09-30,disneyland-park/market-house-deli,Market House Deli,Disneyland Park,https://media.disneylandparis.com/d4th/en-gb/images/P1MR06_market-house-deli.pdf,P1MR06_market-house-deli.pdf,e641f0371856093262be19dd27f572ed,4868ef90437f91a2,79477718,3,3,6 6 7,2026-09-24
2026-09-30,disneyland-park/overland-trail-cafe,Overland Trail Cafe,Disneyland Park,https://media.disneylandparis.com/d4th/en-gb/images/P1GR46_overland-trail-cafe.pdf,P1GR46_overland-trail-cafe.pdf,97ccf2b90fb33e26522705c619893e8c,a9158e37e358ae7e,2664582,1,9,4 4 7 9 9 10 10 50 50,2026-09-05
2026-09-30,disneyland-park/pizzeria-bella-notte,Pizzeria Bella Notte,Disneyland Park,https://media.disneylandparis.com/d4th/en-gb/images/P1NR06_pizzeria-bella-notte.pdf,P1NR06_pizzeria-bella-notte.pdf,69046702c8ddf6a87269b0be3c598dd8,98237837663beebc,1985183,2,29,3 4 4 4 4 4 4 4 5 5 6 7 7 11 11 12 12 12 12 13 13 15 15 15 15 17 17 18 18,2026-09-24
2026-09-30,disneyland-park/plaza-gardens-restaurant,Plaza Gardens,Disneyland Park,https://media.disneylandparis.com/d4th/en-gb/images/P1MR08_plaza-gardens-restaurant.pdf,P1MR08_plaza-gardens-restaurant.pdf,a1419e3acf30495332e3105e99432e4c,de0f13db6b3f72d2,419351,2,42,4 4 4 4 5 5 5 5 8 8 25 25 25 28 28 32 32 32 32 32 32 34 34 35 35 36 36 38 38 38 38 40 43 43 45 45 45 46 46 49 49 80,2026-09-05
2026-09-30,disneyland-park/restaurant-hakuna-matata,Restaurant Hakuna Matata,Disneyland Park,https://media.disneylandparis.com/d4th/en-gb/images/P1AR07_restaurant-hakuna-matata.pdf,P1AR07_restaurant-hakuna-matata.pdf,e73b53e3f8f6759940ab51abb3b25636,60922f6bba8cf385,369043,2,27,3 4 4 4 4 4 4 4 5 5 5 6 6 7 7 7 13 13 14 14 15 15 15 17 17 17 18,2026-09-24
2026-09-30,disneyland-park/rocket-cafe,Rocket Café,Disneyland Park,https://media.disneylandparis.com/d4th/en-gb/images/P1DR03_rocket-café.pdf,P1DR03_rocket-café.pdf,d4abea98f18ac0bdb76f853b75de7fad,2086f1452f709769,3131891,1,14,1 1 4 4 4 5 6 6 7 8 8 15 50 50,2026-09-24
2026-09-30,disneyland-park/silver-spur-steakhouse,Silver Spur Steakhouse,Disneyland Park,https://media.disneylandparis.com/d4th/en-gb/images/P1RR04_silver-spur-steakhouse.pdf,P1RR04_silver-spur-steakhouse.pdf,a799313399d9bd0218635785ee46fa95,c443b7d42d90b1b1,3088558,2,44,5 5 13 13 15 15 15 15 15 15 15 15 16 16 16 16 18 18 18 18 18 18 25 25 25 25 32 32 32 32 32 32 35 35 35 35 37 37 38 38 45 45 45 45,2026-09-05
2026-09-30,disneyland-park/the-old-mill,The Old Mill,Disneyland Park,https://media.disneylandparis.com/d4th/en-gb/images/P1NR05_the-old-mill.pdf,P1NR05_the-old-mill.pdf,ea1ffbd451891d6772c42766f1c3d4e1,39d66b6088ce07c6,873643,2,11,4 7 7 7 16 17 18 50 50 50 50,2026-09-24
2026-09-30,disneyland-park/toad-hall-restaurant,Toad Hall Restaurant,Disneyland Park,https://media.disneylandparis.com/d4th/en-gb/images/P1NR07_toad-hall-restaurant.pdf,P1NR07_toad-hall-restaurant.pdf,b5a15d07a4c81cc248cc7239103fb464,dac2aa57f9776b21,1124775,2,23,3 4 4 4 4 4 4 4 5 6 6 7 8 8 8 12 12 12 12 15 15 17 17,2026-09-24
2026-09-30,disneyland-park/victorias-home-style-restaurant,Victoria’s Home,Disneyland Park,https://media.disneylandparis.com/d4th/en-gb/images/P1MR09_victorias-home-style-restaurant.pdf,P1MR09_victorias-home-style-restaurant.pdf,b7f9e0e9e947fe6b3cf80e9c7366aa47,59f25b5d17554354,609566,2,26,4 4 4 4 5 5 5 5 6 6 7 7 8 8 8 8 9 9 9 9 9 9 20 20 20 20,2026-09-24
2026-09-30,disneyland-park/walts-american-restaurant,Walt’s Restaurant,Disneyland Park,https://media.disneylandparis.com/d4th/en-gb/images/P1MR10_walts-american-restaurant.pdf,P1MR10_walts-american-restaurant.pdf,4c0bd1a62bc10796a0231a490dc6b00d,384a064392553807,97577,1,23,5 5 5 5 6 6 6 6 6 20 24 24 25 27 30 34 38 38 43 43 45 46 55,2026-09-05
2026-09-30,disneys-davy-crockett-ranch/crocketts-saloon,Crockett's Saloon,Disney's Davy Crockett Ranch,https://media.disneylandparis.com/d4th/en-gb/images/H07R00_crocketts-saloon.pdf,H07R00_crocketts-saloon.pdf,492fce0212248a00844ea02da700ec75,33761fd21b1eef3c,6425264,16,22,4 4 5 5 5 5 5 6 6 7 8 9 10 30 30 30 30 33 33 36 38 45,2026-09-05
2026-09-30,disneys-davy-crockett-ranch/davy-crocketts-tavern,Davy Crockett's Tavern,Disney's Davy Crockett Ranch,https://media.disneylandparis.com/d4th/en-gb/images/H07R01_davy-crocketts-tavern.pdf,H07R01_davy-crocketts-tavern.pdf,d34f0ef934767c29328baeccb3494d22,0c99812c9047be51,3697194,2,4,20 20 35 35,2026-09-05
2026-09-30,disneys-hotel-cheyenne/chuck-wagon-cafe,Chuck Wagon Café,Disney's Hotel Cheyenne,https://media.disneylandparis.com/d4th/en-gb/images/H05R00_chuck-wagon-cafe.pdf,H05R00_chuck-wagon-cafe.pdf,04e29a53ea493a20c1979df2a47aec6f,0e059439ee7f1158,573241,1,6,2 2 2 4 22 40,2026-09-05
2026-09-30,disneys-hotel-cheyenne/red-garter-saloon,Red Garter Saloon,Disney's Hotel Cheyenne,https://media.disneylandparis.com/d4th/en-gb/images/H05R02_red-garter-saloon.pdf,H05R02_red-garter-saloon.pdf,89086758a77daca8facc68f787e1d74b,c426c3fd20083dfd,807422,14,3,6 10 18,2026-09-05
2026-09-30,disneys-hotel-cheyenne/starbucks-coffee,Starbucks Coffee at Disney Hotel Cheyenne,Disney's Hotel Cheyenne,,,,,,,,,
2026-09-30,disneys-hotel-new-york/bleecker-street-lounge,Bleecker Street Lounge,Disney's Hotel New York,https://media.disneylandparis.com/d4th/en-gb/images/H02R06_bleecker-street-lounge.pdf,H02R06_bleecker-street-lounge.pdf,a37e26de6fab554dbe0f43537741fb8e,746b6666f0afdb06,617926,5,34,3 3 3 5 5 5 5 6 6 6 6 6 6 6 6 6 6 6 7 7 7 7 7 7 7 8 9 9 9 9 10 15 18 18,2026-09-05
2026-09-30,disneys-hotel-new-york/downtown-restaurant,Downtown Restaurant,Disney's Hotel New York,https://media.disneylandparis.com/d4th/en-gb/images/H02R04_downtown-restaurant.pdf,H02R04_downtown-restaurant.pdf,d01315575c05aac5eb77a08b6dda1ae6,d045be0d00ad9179,737889,1,25,2 2 3 3 5 5 5 6 6 6 6 6 6 6 24 25 27 29 30 38 38 43 43 45 54,2026-09-05
2026-09-30,disneys-hotel-new-york/manhattan-restaurant,Manhattan Restaurant,Disney's Hotel New York,https://media.disneylandparis.com/d4th/en-gb/images/H02R00_manhattan-restaurant.pdf,H02R00_manhattan-restaurant.pdf,3fe8612c2ef88f2b75e8f07b591f5b4a,0cb3076d6d3063de,260015,1,44,5 5 6 6 6 6 6 13 13 13 13 15 15 15 15 15 15 15 15 17 19 19 20 25 29 29 29 30 30 30 32 35 35 35 35 36 36 38 41 41 43 45 55 75,2026-09-05
2026-09-30,disneys-hotel-new-york/skyline-bar,Skyline Bar,Disney's Hotel New York,https://media.disneylandparis.com/d4th/en-gb/images/H02R05_skyline-bar.pdf,H02R05_skyline-bar.pdf,8993c9c068998df55cb288db06ef64fc,c11c93860dc17a63,422749,11,125,5 5 5 5 6 6 6 6 6 6 6 6 6 7 7 8 8 8 8 8 8 8 8 8 9 9 9 9 10 10 10 10 10 11 11 11 11 11 11 11 11 11 11 12 12 12 12 12 12 12 12 12 12 12 12 12 12 12 12 12 12 12 12 12 13 13 14 14 14 14 14 14 14 14 14 14 14 14 15 15 15 16 16 16 16 16 16 16 16 16 18 18 18 18 18 18 18 18 18 18 18 18 19 20 20 21 23 34 34 34 38 38 38 38 38 43 45 46 54 55 63 87 97 105 105,2026-09-05
2026-09-30,disneys-hotel-santa-fe/la-cantina,La Cantina,Disney's Hotel Santa Fe,https://media.disneylandparis.com/d4th/en-gb/images/H06R00_la-cantina.pdf,H06R00_la-cantina.pdf,4eddc2a09731d3438507b3dffccb2c94,dc557068dc66be87,1419471,3,45,4 4 5 7 7 8 8 8 8 8 8 9 9 18 18 20 20 21 21 21 21 21 21 22 22 25 25 30 30 30 30 30 30 30 30 30 30 33 33 35 35 38 38 45 45,2026-09-05
2026-09-30,disneys-hotel-santa-fe/rio-grande-bar,Rio Grande Bar,Disney's Hotel Santa Fe,https://media.disneylandparis.com/d4th/en-gb/images/H06R01_rio-grande-bar.pdf,H06R01_rio-grande-bar.pdf,6677603b059c795fac78cb80cc899c2d,3ec91b9d898ddf9a,2310090,1,24,6 6 7 7 7 7 8 9 10 10 10 10 30 30 30 30 30 30 33 38 38 45 77 87,2026-09-05
2026-09-30,disneys-hotel-santa-fe/starbucks-coffee,Starbucks Coffee at Disney Hotel Santa Fe,Disney's Hotel Santa Fe,,,,,,,,,
2026-09-30,disneys-newport-bay-club/cape-cod,Cape Cod,Disney's Newport Bay Club,https://media.disneylandparis.com/d4th/en-gb/images/H03R00_cape-cod.pdf,H03R00_cape-cod.pdf,74a8e80d93920399e88644f2e7cf9da3,4c2ca65d22e893ab,449145,1,14,4 4 5 5 6 25 25 32 35 36 38 45 45 49,2026-09-05
2026-09-30,disneys-newport-bay-club/captains-quarters,Captain's Quarters,Disney's Newport Bay Club,https://media.disneylandparis.com/d4th/en-gb/images/H03R01_captains-quarters.pdf,H03R01_captains-quarters.pdf,2458b7749bdedf0dac9b3e25b6c9cf83,6cf6fa037057ab56,1511317,20,28,4 5 6 6 8 8 8 8 8 9 9 10 12 13 13 14 14 14 14 15 16 16 16 16 16 17 19 34,2026-09-05
2026-09-30,disneys-newport-bay-club/yacht-club-restaurant,Yacht Club,Disney's Newport Bay Club,https://media.disneylandparis.com/d4th/en-gb/images/H03R03_yacht-club-restaurant.pdf,H03R03_yacht-club-restaurant.pdf,fcd2d30cda5f26e037614119b22f8d15,2846c4291ad29277,314185,1,37,5 5 6 6 6 6 8 15 16 16 16 16 17 17 18 18 18 18 19 19 24 25 27 30 32 32 35 38 38 38 40 43 43 45 45 55 75,2026-09-05
2026-09-30,disneys-sequoia-lodge/beaver-creek-tavern,Beaver Creek Tavern,Disney's Sequoia Lodge,https://media.disneylandparis.com/d4th/en-gb/images/H04R00_beaver-creek-tavern.pdf,H04R00_beaver-creek-tavern.pdf,53858419bc29b3d5bb2cf89b0fd4b113,7d70a3d34d797cec,345764,1,15,4 24 25 25 30 32 32 32 35 36 38 38 45 45 49,2026-09-05
2026-09-30,disneys-sequoia-lodge/hunters-grill,Hunter's Grill,Disney's Sequoia Lodge,https://media.disneylandparis.com/d4th/en-gb/images/H04R01_hunters-grill.pdf,H04R01_hunters-grill.pdf,e7476cd2e3f27b2b40a287db58411887,430632277b0b4d2a,592783,1,6,24 25 25 30 45 45,2026-09-05
2026-09-30,disneys-sequoia-lodge/redwood-bar-and-lounge,Redwood Bar,Disney's Sequoia Lodge,https://media.disneylandparis.com/d4th/en-gb/images/H04R02_redwood-bar-and-lounge.pdf,H04R02_redwood-bar-and-lounge.pdf,519bf14635cd8605e3c8bcfcf714aa56,88a4590d42f4ed7f,1602753,20,1,13,2026-09-05
